Muharram,1
Muharram,2
Muharram,3
Muharram,4
Muharram,5
Muharram,6
Muharram,7
Muharram,8
Muharram,9
Muharram,10
Muharram,11
Muharram,12
Muharram,13
Muharram,14
Muharram,15
Muharram,16
Muharram,17
Muharram,18
Muharram,19
Muharram,20
Muharram,21
Muharram,22
Muharram,23
Muharram,24
Muharram,25
Muharram,26
Muharram,27
Muharram,28
Muharram,29
Muharram,30
Safar,1
Safar,2
Safar,3
Safar,4
Safar,5
Safar,6
Safar,7
Safar,8
Safar,9
Safar,10
Safar,11
Safar,12
Safar,13
Safar,14
Safar,15
Safar,16
Safar,17
Safar,18
Safar,19
Safar,20
Safar,21
Safar,22
Safar,23
Safar,24
Safar,25
Safar,26
Safar,27
Safar,28
Safar,29
Safar,30
Rabi al-Awal,1
Rabi al-Awal,2
Rabi al-Awal,3
Rabi al-Awal,4
Rabi al-Awal,5
Rabi al-Awal,6
Rabi al-Awal,7
Rabi al-Awal,8
Rabi al-Awal,9
Rabi al-Awal,10
Rabi al-Awal,11
Rabi al-Awal,12
Rabi al-Awal,13
Rabi al-Awal,14
Rabi al-Awal,15
Rabi al-Awal,16
Rabi al-Awal,17
Rabi al-Awal,18
Rabi al-Awal,19
Rabi al-Awal,20
Rabi al-Awal,21
Rabi al-Awal,22
Rabi al-Awal,23
Rabi al-Awal,24
Rabi al-Awal,25
Rabi al-Awal,26
Rabi al-Awal,27
Rabi al-Awal,28
Rabi al-Awal,29
Rabi al-Awal,30
Rabi al-Thani,1
Rabi al-Thani,2
Rabi al-Thani,3
Rabi al-Thani,4
Rabi al-Thani,5
Rabi al-Thani,6
Rabi al-Thani,7
Rabi al-Thani,8
Rabi al-Thani,9
Rabi al-Thani,10
Rabi al-Thani,11
Rabi al-Thani,12
Rabi al-Thani,13
Rabi al-Thani,14
Rabi al-Thani,15
Rabi al-Thani,16
Rabi al-Thani,17
Rabi al-Thani,18
Rabi al-Thani,19
Rabi al-Thani,20
Rabi al-Thani,21
Rabi al-Thani,22
Rabi al-Thani,23
Rabi al-Thani,24
Rabi al-Thani,25
Rabi al-Thani,26
Rabi al-Thani,27
Rabi al-Thani,28
Rabi al-Thani,29
Rabi al-Thani,30
Juma da-Awwal,1
Juma da-Awwal,2
Juma da-Awwal,3
Juma da-Awwal,4
Juma da-Awwal,5
Juma da-Awwal,6
Juma da-Awwal,7
Juma da-Awwal,8
Juma da-Awwal,9
Juma da-Awwal,10
Juma da-Awwal,11
Juma da-Awwal,12
Juma da-Awwal,13
Juma da-Awwal,14
Juma da-Awwal,15
Juma da-Awwal,16
Juma da-Awwal,17
Juma da-Awwal,18
Juma da-Awwal,19
Juma da-Awwal,20
Juma da-Awwal,21
Juma da-Awwal,22
Juma da-Awwal,23
Juma da-Awwal,24
Juma da-Awwal,25
Juma da-Awwal,26
Juma da-Awwal,27
Juma da-Awwal,28
Juma da-Awwal,29
Juma da-Awwal,30
Juma da-Thani,1
Juma da-Thani,2
Juma da-Thani,3
Juma da-Thani,4
Juma da-Thani,5
Juma da-Thani,6
Juma da-Thani,7
Juma da-Thani,8
Juma da-Thani,9
Juma da-Thani,10
Juma da-Thani,11
Juma da-Thani,12
Juma da-Thani,13
Juma da-Thani,14
Juma da-Thani,15
Juma da-Thani,16
Juma da-Thani,17
Juma da-Thani,18
Juma da-Thani,19
Juma da-Thani,20
Juma da-Thani,21
Juma da-Thani,22
Juma da-Thani,23
Juma da-Thani,24
Juma da-Thani,25
Juma da-Thani,26
Juma da-Thani,27
Juma da-Thani,28
Juma da-Thani,29
Juma da-Thani,30
Rajab,1
Rajab,2
Rajab,3
Rajab,4
Rajab,5
Rajab,6
Rajab,7
Rajab,8
Rajab,9
Rajab,10
Rajab,11
Rajab,12
Rajab,13
Rajab,14
Rajab,15
Rajab,16
Rajab,17
Rajab,18
Rajab,19
Rajab,20
Rajab,21
Rajab,22
Rajab,23
Rajab,24
Rajab,25
Rajab,26
Rajab,27
Rajab,28
Rajab,29
Rajab,30
Sah'ban,1
Sah'ban,2
Sah'ban,3
Sah'ban,4
Sah'ban,5
Sah'ban,6
Sah'ban,7
Sah'ban,8
Sah'ban,9
Sah'ban,10
Sah'ban,11
Sah'ban,12
Sah'ban,13
Sah'ban,14
Sah'ban,15
Sah'ban,16
Sah'ban,17
Sah'ban,18
Sah'ban,19
Sah'ban,20
Sah'ban,21
Sah'ban,22
Sah'ban,23
Sah'ban,24
Sah'ban,25
Sah'ban,26
Sah'ban,27
Sah'ban,28
Sah'ban,29
Sah'ban,30
Ramadan,1
Ramadan,2
Ramadan,3
Ramadan,4
Ramadan,5
Ramadan,6
Ramadan,7
Ramadan,8
Ramadan,9
Ramadan,10
Ramadan,11
Ramadan,12
Ramadan,13
Ramadan,14
Ramadan,15
Ramadan,16
Ramadan,17
Ramadan,18
Ramadan,19
Ramadan,20
Ramadan,21
Ramadan,22
Ramadan,23
Ramadan,24
Ramadan,25
Ramadan,26
Ramadan,27
Ramadan,28
Ramadan,29
Ramadan,30
Shawwal,1
Shawwal,2
Shawwal,3
Shawwal,4
Shawwal,5
Shawwal,6
Shawwal,7
Shawwal,8
Shawwal,9
Shawwal,10
Shawwal,11
Shawwal,12
Shawwal,13
Shawwal,14
Shawwal,15
Shawwal,16
Shawwal,17
Shawwal,18
Shawwal,19
Shawwal,20
Shawwal,21
Shawwal,22
Shawwal,23
Shawwal,24
Shawwal,25
Shawwal,26
Shawwal,27
Shawwal,28
Shawwal,29
Shawwal,30
Dhul Qadah,1
Dhul Qadah,2
Dhul Qadah,3
Dhul Qadah,4
Dhul Qadah,5
Dhul Qadah,6
Dhul Qadah,7
Dhul Qadah,8
Dhul Qadah,9
Dhul Qadah,10
Dhul Qadah,11
Dhul Qadah,12
Dhul Qadah,13
Dhul Qadah,14
Dhul Qadah,15
Dhul Qadah,16
Dhul Qadah,17
Dhul Qadah,18
Dhul Qadah,19
Dhul Qadah,20
Dhul Qadah,21
Dhul Qadah,22
Dhul Qadah,23
Dhul Qadah,24
Dhul Qadah,25
Dhul Qadah,26
Dhul Qadah,27
Dhul Qadah,28
Dhul Qadah,29
Dhul Qadah,30
Dhul Hijjah,1
Dhul Hijjah,2
Dhul Hijjah,3
Dhul Hijjah,4
Dhul Hijjah,5
Dhul Hijjah,6
Dhul Hijjah,7
Dhul Hijjah,8
Dhul Hijjah,9
Dhul Hijjah,10
Dhul Hijjah,11
Dhul Hijjah,12
Dhul Hijjah,13
Dhul Hijjah,14
Dhul Hijjah,15
Dhul Hijjah,16
Dhul Hijjah,17
Dhul Hijjah,18
Dhul Hijjah,19
Dhul Hijjah,20
Dhul Hijjah,21
Dhul Hijjah,22
Dhul Hijjah,23
Dhul Hijjah,24
Dhul Hijjah,25
Dhul Hijjah,26
Dhul Hijjah,27
Dhul Hijjah,28
Dhul Hijjah,29
Dhul Hijjah,30
,
